DROP TABLE GUEST;
DROP TABLE RESERVATION;
DROP TABLE PAYMENT;
DROP TABLE HOTEL_ROOM;

CREATE TABLE GUEST
       (ID_GUEST NUMBER(5),
        GNAME VARCHAR(10),
        GLASTNAME VARCHAR(10)
       );

INSERT INTO GUEST VALUES
        (1115, 'SANDIE', 'BARR');
INSERT INTO GUEST VALUES
        (1116, 'DELORES', 'DENNIS');
INSERT INTO GUEST VALUES
        (1117, 'KALEB', 'FRANKO');
INSERT INTO GUEST VALUES
        (1118, 'JAY', 'BYRD');
INSERT INTO GUEST VALUES
        (1119, 'SOPHIE', 'LAM');
INSERT INTO GUEST VALUES
        (1120, 'EDWARD', 'BURNETT');

CREATE TABLE RESERVATION
       (ID_RESERVATION NUMBER(5),
        ID_ROOM NUMBER(5),
        ID_GUEST NUMBER(5),
        ID_PAYMENT NUMBER(5),
        START_DATE DATE,
        END_DATE DATE
       );

INSERT INTO RESERVATION VALUES
        (100, 29, 1118, 1, TO_DATE('2022-01-11','YYYY-MM-DD'), TO_DATE('2022-01-25','YYYY-MM-DD'));
INSERT INTO RESERVATION VALUES
        (101, 26, 1120, 3, TO_DATE('2023-02-03','YYYY-MM-DD'), TO_DATE('2023-02-10','YYYY-MM-DD'));
INSERT INTO RESERVATION VALUES
        (102, 27, 1119, 2, TO_DATE('2021-12-21','YYYY-MM-DD'), TO_DATE('2022-12-23','YYYY-MM-DD'));
INSERT INTO RESERVATION VALUES
        (103, 29, 1120, 4, TO_DATE('2022-10-12','YYYY-MM-DD'), TO_DATE('2022-10-20','YYYY-MM-DD'));
INSERT INTO RESERVATION VALUES
        (104, 25, 1115, 5, TO_DATE('2022-06-01','YYYY-MM-DD'), TO_DATE('2022-06-07','YYYY-MM-DD'));

CREATE TABLE PAYMENT
       (ID_PAYMENT NUMBER(5),
        ID_RESERVATION NUMBER(5),
        AMOUNT NUMBER(5)
       );

INSERT INTO PAYMENT VALUES
        (1, 100, 250);
INSERT INTO PAYMENT VALUES
        (2, 102, 3000);
INSERT INTO PAYMENT VALUES
        (3, 101, 700);
INSERT INTO PAYMENT VALUES
        (4, 103, 4030);
INSERT INTO PAYMENT VALUES
        (5, 104, 1020);

CREATE TABLE HOTEL_ROOM
       (ROOM_NUMBER NUMBER(5),
        FLOOR_NUMBER NUMBER(5),
        INFO VARCHAR(100)
       );

INSERT INTO HOTEL_ROOM VALUES
        (25, 2, 'Two rooms, one large bed, see view');
INSERT INTO HOTEL_ROOM VALUES
        (26, 3, 'One room, one large bed, mountain view');
INSERT INTO HOTEL_ROOM VALUES
        (27, 3, 'One room, two small beds, sea view');
INSERT INTO HOTEL_ROOM VALUES
        (28, 3, 'Two rooms, two large beds, sea view');
INSERT INTO HOTEL_ROOM VALUES
        (29, 4, 'Two rooms, four small beds, sea view');

