DROP TABLE GUEST;
DROP TABLE RESERVATION;
DROP TABLE PAYMENT;
DROP TABLE ROOM;

CREATE TABLE GUEST
       (ID_GUEST INT NOT NULL,
        NAME VARCHAR(10),
        LASTNAME VARCHAR(10)
       );

INSERT INTO GUEST VALUES
        (1115, 'SANDIE', 'BARR');
INSERT INTO GUEST VALUES
        (1116, 'DELORES', 'DENNIS');
INSERT INTO GUEST VALUES
        (1117, 'KALEB', 'FRANKO');
INSERT INTO GUEST VALUES
        (1118, 'JAY', 'BYRD');
INSERT INTO GUEST VALUES
        (1119, 'SOPHIE', 'LAM');
INSERT INTO GUEST VALUES
        (1120, 'EDWARD', 'BURNETT');

CREATE TABLE RESERVATION
       (ID_RESERVATION INT NOT NULL,
        ROOM_NUMBER INT NOT NULL,
        ID_GUEST INT NOT NULL,
        ID_PAYMENT INT NOT NULL,
        START_DATE DATETIME,
        END_DATE DATETIME
       );

INSERT INTO RESERVATION VALUES
        (100, 29, 1118, 1, CONVERT(DATETIME,'11-NOV-2022'), CONVERT(DATETIME,'13-NOV-2022'));
INSERT INTO RESERVATION VALUES
        (101, 26, 1120, 3, CONVERT(DATETIME,'1-DEC-2022'), CONVERT(DATETIME,'10-DEC-2023'));
INSERT INTO RESERVATION VALUES
        (102, 27, 1119, 2, CONVERT(DATETIME,'11-JAN-2021'), CONVERT(DATETIME,'15-JAN-2021'));
INSERT INTO RESERVATION VALUES
        (103, 29, 1120, 4, CONVERT(DATETIME,'11-JAN-2021'), CONVERT(DATETIME,'15-JAN-2021'));
INSERT INTO RESERVATION VALUES
        (104, 25, 1115, 5, CONVERT(DATETIME,'11-JAN-2021'), CONVERT(DATETIME,'15-JAN-2021'));

CREATE TABLE PAYMENT
       (ID_PAYMENT INT NOT NULL,
        ID_RESERVATION INT NOT NULL,
        AMOUNT INT
       );

INSERT INTO PAYMENT VALUES
        (1, 100, 250);
INSERT INTO PAYMENT VALUES
        (2, 102, 3000);
INSERT INTO PAYMENT VALUES
        (3, 101, 700);
INSERT INTO PAYMENT VALUES
        (4, 103, 4030);
INSERT INTO PAYMENT VALUES
        (5, 104, 1020);

CREATE TABLE ROOM
       (ROOM_NUMBER INT NOT NULL,
        FLOOR INT,
        INFO VARCHAR(100)
       );

INSERT INTO ROOM VALUES
        (25, 2, 'Two rooms, one large bed, see view');
INSERT INTO ROOM VALUES
        (26, 3, 'One room, one large bed, mountain view');
INSERT INTO ROOM VALUES
        (27, 3, 'One room, two small beds, sea view');
INSERT INTO ROOM VALUES
        (28, 3, 'Two rooms, two large beds, sea view');
INSERT INTO ROOM VALUES
        (29, 4, 'Two rooms, four small beds, sea view');

